{
  "miou": 0.32113373279571533,
  "accuracy": 0.7533623576164246
}