{
  "miou": 0.3491889238357544,
  "accuracy": 0.761909544467926
}