{
  "miou": 0.22322043776512146,
  "accuracy": 0.6322963237762451
}