{
  "miou": 0.171261727809906,
  "accuracy": 0.49812373518943787
}