{
  "miou": 0.36028990149497986,
  "accuracy": 0.7918822169303894
}