{
  "miou": 0.3288818895816803,
  "accuracy": 0.763121485710144
}